title;date;link
Desenvolvedor Junior;2025-02-12;https://www.infojobs.com.br//vaga-de-desenvolvedor-junior-em-rio-grande-do-sul__10328265.aspx
Programador - Junior;2025-02-11;https://www.infojobs.com.br//vaga-de-programador-junior-em-parana__10323190.aspx
Desenvolvedor Web App;2025-02-12;https://www.infojobs.com.br//vaga-de-desenvolvedor-web-app-em-sao-paulo__10327430.aspx
Analista De Sustentação Júnior - C#;2025-02-13;https://www.infojobs.com.br//vaga-de-analista-sustentacao-junior-c-em-sao-paulo__10329580.aspx
Analista Junior;2025-02-11;https://www.infojobs.com.br//vaga-de-analista-junior-em-minas-gerais__10322157.aspx
Tech Lead;2025-02-14;https://www.infojobs.com.br//vaga-de-tech-lead-em-sao-paulo__10334358.aspx
Desenvolvedor Fullstack Java Sênior - Híbrido Porto Alegre;2025-01-31;https://www.infojobs.com.br//vaga-de-desenvolvedor-fullstack-java-senior-hibrido-porto-alegre-em-rio-grande-do-sul__10295655.aspx
Desenvolvedor De Produtos Eletrônicos - Júnior;2025-01-17;https://www.infojobs.com.br//vaga-de-desenvolvedor-produtos-eletronicos-junior-em-santa-catarina__10254390.aspx
Desenvolvedor Salesforce Júnior (DTS);2025-01-17;https://www.infojobs.com.br//vaga-de-desenvolvedor-salesforce-junior-dts-em-sao-paulo__10254332.aspx
Desenvolvedor - Fullstack (Javascript) [VAGA PRESENCIAL - CURITIBA/PR];2025-01-29;https://www.infojobs.com.br//vaga-de-desenvolvedor-fullstack-javascript-vaga-presencial-curitibapr-em-parana__10264216.aspx
Desenvolvedor Full Stack Senior;2025-01-20;https://www.infojobs.com.br//vaga-de-desenvolvedor-full-stack-senior-em-minas-gerais__10223271.aspx
Desenvolvedor Java Nivel 4;2025-01-21;https://www.infojobs.com.br//vaga-de-desenvolvedor-java-nivel-4-em-santa-catarina__10260925.aspx
Desenvolvedor Java Nivel 2;2025-01-21;https://www.infojobs.com.br//vaga-de-desenvolvedor-java-nivel-2-em-santa-catarina__10260915.aspx
Desenvolvedor De Sistema Sênior;2025-01-22;https://www.infojobs.com.br//vaga-de-desenvolvedor-sistema-senior-em-sao-paulo__10268442.aspx
Programador De BI (Junior);2025-01-17;https://www.infojobs.com.br//vaga-de-programador-bi-junior-em-sao-paulo__10255084.aspx
Desenvolvedor Front End - Junior;2025-01-11;https://www.infojobs.com.br//vaga-de-desenvolvedor-front-end-junior-em-rio-grande-do-sul__10236237.aspx
Desenvolvedor C / C++ - 1023;2025-01-11;https://www.infojobs.com.br//vaga-de-desenvolvedor-c-c-1023-em-parana__10235956.aspx
Desenvolvedor Full Stack Júnior;2025-02-09;https://www.infojobs.com.br//vaga-de-desenvolvedor-full-stack-junior-em-sao-paulo__10163194.aspx
Desenvolvedor Full Stack Júnior - Home Office;2025-02-11;https://www.infojobs.com.br//vaga-de-desenvolvedor-full-stack-junior-home-office-em-sao-paulo__10323113.aspx
Desenvolvedor Front End Junior;2025-02-11;https://www.infojobs.com.br//vaga-de-desenvolvedor-front-end-junior-em-sao-paulo__10324829.aspx
Analista De Testes - Junior;2025-02-07;https://www.infojobs.com.br//vaga-de-analista-testes-junior-em-sao-paulo__10313401.aspx
Desenvolvedor Júnior;2025-02-03;https://www.infojobs.com.br//vaga-de-desenvolvedor-junior-em-sao-paulo__10300012.aspx
DESENVOLVEDOR(A) FRONT-END JÚNIOR/ PLENO #1040;2025-02-07;https://www.infojobs.com.br//vaga-de-desenvolvedora-front-end-junior-pleno-1040-em-sao-paulo__10313668.aspx
Analista Desenvolvedor Júnior (Full Stack .NET);2025-01-21;https://www.infojobs.com.br//vaga-de-analista-desenvolvedor-junior-full-stack-net-em-sao-paulo__10262231.aspx
Programador/Desenvolvedor De .Net Core Júnior;2025-01-29;https://www.infojobs.com.br//vaga-de-programadordesenvolvedor-net-core-junior-em-sao-paulo__10287870.aspx
Desenvolvedor .NET - PL E JR - Junior E Pleno;2025-01-22;https://www.infojobs.com.br//vaga-de-desenvolvedor-net-pl-jr-junior-pleno-em-rio-janeiro__10266028.aspx
Desenvolvedor Júnior Full Stack (C# E Javascript) – Híbrido Em Campinas (SP);2025-01-22;https://www.infojobs.com.br//vaga-de-desenvolvedor-junior-full-stack-c-javascript-em-sao-paulo__10267983.aspx
Analista De TI (Alfresco);2025-01-21;https://www.infojobs.com.br//vaga-de-analista-ti-alfresco-em-sao-paulo__10262408.aspx
Analista De Desenvolvimento Júnior;2025-01-08;https://www.infojobs.com.br//vaga-de-analista-desenvolvimento-junior-em-sao-paulo__10224186.aspx
Programador - Júnior;2025-01-02;https://www.infojobs.com.br//vaga-de-programador-junior-em-minas-gerais__10208488.aspx
Recrutador Selecionada Para Cliente - Desenvolvedor Especialista Backend Sênior - 100% Remoto;2025-01-10;https://www.infojobs.com.br//vaga-de-recrutador-selecionada-cliente-desenvolvedor-em-rio-janeiro__10235728.aspx
